{"_step":4,"_wandb":{"runtime":391},"train//L1SNRLoss/other":1.6904714107513428,"train//L1SNRLoss/vocals":1.5968029499053955,"train/metric/bass/SignalNoiseRatio":-35.03108215332031,"train/metric/vocals/SignalNoiseRatio":-12.877523422241211,"train/metric/drums/SignalNoiseRatio":-19.53744125366211,"_runtime":391,"train//DecibelMatchLoss/vocals":0.9285824298858643,"train//DecibelMatchLoss/other":1.224048376083374,"train//L1SNRLoss/bass":2.039109706878662,"train/loss":13.675804138183594,"train//L1SNRLoss":7.613948822021484,"trainer/global_step":249,"_timestamp":1.7567784918679283e+09,"train//DecibelMatchLoss/bass":1.790971040725708,"train//DecibelMatchLoss/drums":2.118252992630005,"train//DecibelMatchLoss":6.061855316162109,"train//L1SNRLoss/drums":2.287564516067505,"train/metric/other/SignalNoiseRatio":-13.05253791809082,"epoch":0}