{"train/loss/DecibelMatchLoss/other":0.9321113228797913,"_step":9,"_timestamp":1.7567579324779177e+09,"train/loss/L1SNRLoss/bass":3.7831220626831055,"train/loss/DecibelMatchLoss":4.638214588165283,"train/loss/L1SNRLoss/drums":1.7646305561065674,"train/loss/L1SNRLoss":10.278084754943848,"_wandb":{"runtime":225},"trainer/global_step":499,"epoch":0,"train/loss/DecibelMatchLoss/drums":0.6877290606498718,"_runtime":225,"train/loss/L1SNRLoss/vocals":4.121005535125732,"train/loss":14.916299819946289,"train/loss/DecibelMatchLoss/bass":1.927571415901184,"train/loss/DecibelMatchLoss/vocals":1.0908030271530151,"train/loss/L1SNRLoss/other":0.6093263030052185}