{"train/loss/l1snr-tf/vocals":0.022646252065896988,"train/loss":-5.390140533447266,"train/metric/other/TargetDecibel":-23.81498146057129,"train/loss/l1snr-tf/bass":-0.06575649231672287,"train/metric/other/PredDecibel":-25.343460083007812,"train/loss/dbm":11.146081924438477,"train/loss/dbm/vocals":3.6960771083831787,"train/loss/l1snr-tf/drums":-1.715355634689331,"train/metric/vocals/SignalNoiseRatio":-12.761892318725586,"train/metric/vocals/TargetDecibel":-36.84696960449219,"trainer/global_step":999,"train/metric/vocals/PredDecibel":-61.42563247680664,"_step":19,"train/loss/dbm/bass":6.762907981872559,"epoch":0,"_runtime":1424,"train/loss/l1snr-time/vocals":0.20138750970363617,"train/metric/drums/SignalNoiseRatio":NaN,"train/loss/l1snr-time/bass":1.176523208618164,"train/metric/other/SignalNoiseRatio":5.105764389038086,"train/metric/drums/PredDecibel":-27.338516235351562,"train/metric/bass/SignalNoiseRatio":-22.322227478027344,"_timestamp":1.756925625926673e+09,"train/loss/dbm/other":0.687096357345581,"train/loss/l1snr-time":-4.571802616119385,"train/loss/l1snr-time/drums":0.4623091220855713,"train/metric/bass/TargetDecibel":-27.338781356811523,"train/metric/bass/PredDecibel":-35.51270294189453,"train/loss/l1snr-tf/other":-11.921308517456055,"_wandb":{"runtime":1424},"train/loss/dbm/drums":3.346574306488037,"train/loss/l1snr-tf":-11.9644193649292,"train/metric/drums/TargetDecibel":-24.448549270629883,"train/loss/l1snr-time/other":-5.949713230133057}