{"train//l1snr-tf":0.05999395251274109,"_wandb":{"runtime":259},"epoch":0,"trainer/global_step":199,"_timestamp":1.7568196345893679e+09,"_step":3,"_runtime":259,"train/metric/vocals/SignalNoiseRatio":-0.0033455134835094213,"train//l1snr-tf/vocals":0.05999395251274109,"train//l1snr-time":0.020332468673586845,"train//l1snr-time/vocals":0.020332468673586845,"train/loss":0.08032642304897308}