{"_timestamp":1.7567522323015409e+09,"train/loss/L1SNRLoss/vocals":5.509665489196777,"train/loss/L1SNRLoss":25.478805541992188,"train/loss/L1SNRLoss/drums":6.25643253326416,"epoch":0,"_step":1,"_wandb":{"runtime":67},"_runtime":67,"train/loss/L1SNRLoss/other":5.10572624206543,"train/loss/L1SNRLoss/bass":8.60698127746582,"trainer/global_step":99}