{"train/metric/drums/TargetDecibel":-24.931352615356445,"trainer/global_step":2099,"train/loss/l1snr-time/drums":-0.19584286212921143,"val/metric/bass/TargetDecibel":-25.627914428710938,"_wandb":{"runtime":1558},"train/metric/other/PredDecibel":-24.137496948242188,"train/loss/l1snr-tf/other":-5.5681915283203125,"val/metric/other/TargetDecibel":-25.76810646057129,"_timestamp":1.7569916448426442e+09,"train/loss/l1snr-tf/vocals":0.25587522983551025,"_step":23,"val/metric/bass/SignalNoiseRatio":1.110885739326477,"val/metric/other/SignalNoiseRatio":1.699729561805725,"train/metric/other/TargetDecibel":-23.02029037475586,"val/metric/vocals/PredDecibel":-36.544586181640625,"val/loss/l1snr-time":-3.055433750152588,"train/loss/l1snr-time/other":-2.684518337249756,"val/loss/dbm/drums":2.523427963256836,"val/loss":3.1967427730560303,"val/loss/l1snr-tf/bass":-2.7197630405426025,"val/metric/drums/PredDecibel":-28.703933715820312,"val/loss/dbm/vocals":9.127706527709961,"train/metric/vocals/TargetDecibel":-23.149091720581055,"val/metric/drums/TargetDecibel":-26.5861873626709,"train/loss":3.4120988845825195,"val/loss/dbm/bass":4.000381946563721,"epoch":2,"val/loss/l1snr-time/bass":-2.5382297039031982,"val/loss/dbm/other":2.330164909362793,"val/metric/drums/SignalNoiseRatio":0.2104770839214325,"train/metric/vocals/PredDecibel":-26.297531127929688,"train/loss/l1snr-time/vocals":0.6176685094833374,"train/loss/dbm/bass":1.2772170305252075,"val/loss/l1snr-time/vocals":0.6924945116043091,"val/metric/vocals/TargetDecibel":-33.90683364868164,"train/loss/l1snr-time":-3.1457152366638184,"_runtime":1558,"val/loss/l1snr-time/other":-2.124584674835205,"val/metric/vocals/SignalNoiseRatio":-7.303928852081299,"val/metric/other/PredDecibel":-27.10077476501465,"train/loss/dbm/drums":3.469326972961426,"train/metric/bass/SignalNoiseRatio":-2.414081573486328,"train/loss/l1snr-time/bass":-1.0788654088974,"train/loss/dbm/vocals":10.240049362182617,"val/loss/dbm":11.937601089477539,"train/loss/dbm/other":2.9056754112243652,"train/loss/l1snr-tf":-7.865127086639404,"train/metric/vocals/SignalNoiseRatio":-3.0956411361694336,"train/loss/l1snr-tf/drums":-2.969528913497925,"val/loss/l1snr-tf/other":-4.600184440612793,"val/loss/l1snr-tf":-5.685426235198975,"val/loss/l1snr-tf/drums":-1.4077974557876587,"train/loss/l1snr-tf/bass":-2.5528106689453125,"train/metric/other/SignalNoiseRatio":2.475461006164551,"train/metric/drums/SignalNoiseRatio":NaN,"train/metric/bass/PredDecibel":-25.561195373535156,"val/loss/l1snr-time/drums":-0.5415445566177368,"val/metric/bass/PredDecibel":-29.611873626708984,"val/loss/l1snr-tf/vocals":0.21252521872520447,"train/loss/dbm":14.422941207885742,"train/metric/drums/PredDecibel":-29.593103408813477,"train/metric/bass/TargetDecibel":-24.084064483642578}