{"train/loss":8.410554885864258,"train//DecibelMatchLoss/bass":1.084259033203125,"train//L1SNRLoss/vocals":1.9257445335388184,"train/metric/bass/SignalNoiseRatio":0.12012684345245361,"train//L1SNRLoss/bass":0.23295220732688904,"train//L1SNRLoss":4.285845756530762,"train/metric/other/SignalNoiseRatio":-4.988414764404297,"train//DecibelMatchLoss/drums":0.7302132844924927,"train//L1SNRLoss/other":1.4284175634384155,"epoch":0,"train/metric/drums/SignalNoiseRatio":-1.77004873752594,"_step":19,"train//DecibelMatchLoss":4.124709606170654,"_runtime":1521,"trainer/global_step":999,"_timestamp":1.7567640953165107e+09,"train//DecibelMatchLoss/vocals":1.3655437231063843,"_wandb":{"runtime":1521},"train//L1SNRLoss/drums":0.6987316608428955,"train/metric/vocals/SignalNoiseRatio":-21.05350685119629,"train//DecibelMatchLoss/other":0.9446936249732971}