{"train/metric/bass/SignalNoiseRatio":1.6081585884094238,"train/loss/L1SNRLoss/vocals":1.0743887424468994,"train/loss/DecibelMatchLoss":5.445362567901611,"train/loss":7.779379844665527,"train/loss/DecibelMatchLoss/vocals":1.3984501361846924,"train/loss/DecibelMatchLoss/bass":3.1650428771972656,"train/loss/DecibelMatchLoss/other":0.3124583959579468,"train/loss/L1SNRLoss/drums":0.9180663228034973,"train/metric/drums/SignalNoiseRatio":-19.640628814697266,"epoch":0,"train/loss/DecibelMatchLoss/drums":0.5694112181663513,"_runtime":173,"_step":3,"_timestamp":1.7567617976683652e+09,"train/loss/L1SNRLoss/bass":-0.7054370045661926,"train/metric/other/SignalNoiseRatio":-3.044407606124878,"trainer/global_step":199,"train/loss/L1SNRLoss/other":1.046999216079712,"_wandb":{"runtime":173},"train/metric/vocals/SignalNoiseRatio":-2.6527512073516846,"train/loss/L1SNRLoss":2.334017276763916}