{"train/metric/drums/PredDecibel":-115.01530456542969,"train/metric/bass/SignalNoiseRatio":-0.059935346245765686,"epoch":0,"trainer/global_step":599,"train/loss/l1snr-tf/other":-0.00047331818495877087,"train/loss/l1snr-time/drums":-3.106204530922696e-06,"train/loss/l1snr-tf":-0.0004361665342003107,"train/metric/other/PredDecibel":-107.44859313964844,"_wandb":{"runtime":977},"train/metric/drums/TargetDecibel":-25.912076950073242,"train/metric/bass/PredDecibel":-117.83867645263672,"_step":11,"train/metric/vocals/PredDecibel":-118.5067367553711,"train/loss/l1snr-time":0.00046457001008093357,"train/metric/other/SignalNoiseRatio":0.00023956735094543546,"train/loss/l1snr-time/other":-0.00022015708964318037,"train/loss/l1snr-time/bass":0.00019571497978176922,"train/loss/l1snr-tf/vocals":0.00017188474885188043,"train/metric/bass/TargetDecibel":-25.254226684570312,"_timestamp":1.7569096123993168e+09,"train/metric/vocals/TargetDecibel":-30.03279685974121,"train/loss":2.8403475880622864e-05,"_runtime":977,"train/metric/vocals/SignalNoiseRatio":-0.10760312527418137,"train/metric/drums/SignalNoiseRatio":0.00013341300655156374,"train/loss/l1snr-tf/bass":7.183491834439337e-05,"train/loss/l1snr-time/vocals":0.0004921182990074158,"train/metric/other/TargetDecibel":-24.175735473632812,"train/loss/l1snr-tf/drums":-0.00020656801643781364}