{"train/loss/l1snr-time/bass":1.4108216419117525e-05,"train/loss/l1snr-tf/other":-6.950367242097855e-05,"train/metric/drums/PredDecibel":-114.32241821289062,"train/metric/other/SignalNoiseRatio":3.630488572525792e-05,"_wandb":{"runtime":828},"train/loss/l1snr-time/drums":0.00038583925925195217,"train/metric/bass/SignalNoiseRatio":2.151760781998746e-05,"train/loss":0.0005725119262933731,"epoch":0,"train/metric/drums/TargetDecibel":-24.004621505737305,"train/metric/vocals/PredDecibel":-119.1657943725586,"train/loss/l1snr-tf/bass":-1.4949137039366178e-05,"train/loss/l1snr-tf/vocals":-1.0354385722166626e-06,"train/loss/l1snr-tf/drums":0.0002857505460269749,"train/loss/l1snr-tf":0.0002002623223233968,"train/loss/l1snr-time/vocals":6.212651896930765e-06,"train/metric/bass/TargetDecibel":-23.330825805664062,"train/metric/other/PredDecibel":-111.13015747070312,"train/metric/other/TargetDecibel":-24.300119400024414,"_step":9,"train/metric/bass/PredDecibel":-116.85317993164062,"train/metric/vocals/TargetDecibel":-23.252180099487305,"_runtime":828,"train/loss/l1snr-time/other":-3.39105463353917e-05,"train/metric/vocals/SignalNoiseRatio":1.5531563803961035e-06,"trainer/global_step":499,"train/metric/drums/SignalNoiseRatio":-0.22669155895709991,"_timestamp":1.7569032565205564e+09,"train/loss/l1snr-time":0.00037224957486614585}