{"train/metric/bass/PredDecibel":-59.30403137207031,"train/loss/l1snr-tf/drums":0.35910850763320923,"epoch":0,"train/metric/vocals/PredDecibel":-64.25324249267578,"train/metric/other/SignalNoiseRatio":-0.005241731181740761,"train/metric/vocals/TargetDecibel":-27.20279884338379,"train/metric/vocals/SignalNoiseRatio":-9.884860038757324,"_wandb":{"runtime":155},"train/loss/l1snr-tf":1.043268084526062,"train/loss/l1snr-time/bass":0.0013591237366199493,"train/metric/other/PredDecibel":-52.91899871826172,"train/metric/bass/TargetDecibel":-22.805194854736328,"train/loss/l1snr-time/vocals":0.9536287188529968,"train/loss/l1snr-tf/vocals":0.430594265460968,"_step":0,"train/metric/drums/PredDecibel":-59.29841613769531,"_runtime":155,"train/metric/bass/SignalNoiseRatio":0.00535927340388298,"train/metric/other/TargetDecibel":-22.01716423034668,"_timestamp":1.7569036876608088e+09,"train/loss":2.4204230308532715,"train/loss/l1snr-time/other":0.00812042411416769,"train/loss/l1snr-tf/other":0.05102476477622986,"trainer/global_step":49,"train/loss/l1snr-time/drums":0.41404658555984497,"train/loss/l1snr-tf/bass":0.2025405764579773,"train/metric/drums/SignalNoiseRatio":-7.300023555755615,"train/loss/l1snr-time":1.37715482711792,"train/metric/drums/TargetDecibel":-26.091650009155273}