{"train//L1SNRLoss/vocals":1.9257445335388184,"val/metric/vocals/SignalNoiseRatio":-17.471664428710938,"val/metric/bass/SignalNoiseRatio":-3.7194783687591553,"train//L1SNRLoss/bass":0.23295220732688904,"train/metric/vocals/SignalNoiseRatio":-21.05350685119629,"_step":20,"val//DecibelMatchLoss/drums":NaN,"val//L1SNRLoss/other":0.3027733266353607,"train/loss":8.410554885864258,"_wandb":{"runtime":1544},"val//L1SNRLoss":3.386256456375122,"train//DecibelMatchLoss/bass":1.084259033203125,"val/metric/drums/SignalNoiseRatio":-5.0127034187316895,"epoch":0,"train/metric/bass/SignalNoiseRatio":0.12012684345245361,"train//DecibelMatchLoss/vocals":1.3655437231063843,"val//L1SNRLoss/bass":0.09305687993764877,"train/metric/drums/SignalNoiseRatio":-1.77004873752594,"train//L1SNRLoss":4.285845756530762,"train//L1SNRLoss/other":1.4284175634384155,"train//DecibelMatchLoss/drums":0.7302132844924927,"train//L1SNRLoss/drums":0.6987316608428955,"_timestamp":1.7567687431600375e+09,"val//DecibelMatchLoss/other":NaN,"val/loss":NaN,"train//DecibelMatchLoss":4.124709606170654,"val//DecibelMatchLoss/bass":NaN,"val//DecibelMatchLoss/vocals":NaN,"train//DecibelMatchLoss/other":0.9446936249732971,"trainer/global_step":1023,"val//DecibelMatchLoss":NaN,"val//L1SNRLoss/drums":1.1350126266479492,"val//L1SNRLoss/vocals":1.855413794517517,"_runtime":1544,"train/metric/other/SignalNoiseRatio":-4.988414764404297,"val/metric/other/SignalNoiseRatio":-2.619079828262329}