{"train/loss/l1snr-time/bass":-0.155775785446167,"train/loss/l1snr-tf/drums":2.423302173614502,"train/metric/vocals/PredDecibel":-22.440975189208984,"train/metric/drums/PredDecibel":-23.47330093383789,"_step":7,"train/loss/l1snr-tf/vocals":6.96572208404541,"train/metric/other/PredDecibel":-24.949209213256836,"train/loss/dbm/drums":0.9505566358566284,"train/loss":43.68882751464844,"train/metric/other/TargetDecibel":-24.648948669433594,"train/metric/other/SignalNoiseRatio":-1.4100303649902344,"train/loss/l1snr-time":18.10196304321289,"train/loss/l1snr-tf/bass":0.14803606271743774,"_wandb":{"runtime":630},"train/loss/l1snr-time/drums":5.126410484313965,"train/metric/bass/PredDecibel":-22.826904296875,"train/metric/bass/TargetDecibel":-21.816364288330078,"train/loss/dbm/bass":2.9067435264587402,"trainer/global_step":399,"train/metric/bass/SignalNoiseRatio":0.8480515480041504,"train/metric/vocals/SignalNoiseRatio":-32.24767303466797,"_runtime":630,"train/metric/drums/SignalNoiseRatio":-2.355508804321289,"train/loss/l1snr-time/other":1.7398476600646973,"train/metric/drums/TargetDecibel":-23.792613983154297,"epoch":0,"_timestamp":1.7568481097741077e+09,"train/loss/l1snr-time/vocals":11.3914794921875,"train/loss/l1snr-tf":11.858572959899902,"train/metric/vocals/TargetDecibel":-22.194368362426758,"train/loss/dbm/other":2.925105333328247,"train/loss/l1snr-tf/other":2.321512222290039,"train/loss/dbm/vocals":6.9458842277526855,"train/loss/dbm":13.728289604187012}