{"train/loss":11.419633865356445,"train/metric/vocals/SignalNoiseRatio":-4.7179694175720215,"val/loss":21.311538696289062,"val//l1snr-tf-512":3.6795401573181152,"val//l1snr-tf":0.19648931920528412,"_runtime":11137,"train//l1snr-tf":0.1937943696975708,"train//l1snr-time/vocals":0.4643382430076599,"val//l1snr-tf-512/vocals":3.6795401573181152,"val//l1snr-tf-1k":4.494917392730713,"trainer/global_step":10239,"val//l1snr-time/vocals":1.3070722818374634,"_wandb":{"runtime":11137},"train//l1snr-tf-512/vocals":0.862159013748169,"train//dbm/vocals":8.652225494384766,"val/metric/vocals/SignalNoiseRatio":-8.314986228942871,"epoch":9,"train//dbm":8.652225494384766,"val//dbm/vocals":11.633515357971191,"val//l1snr-time":1.3070722818374634,"train//l1snr-tf/vocals":0.1937943696975708,"val//l1snr-tf-1k/vocals":4.494917392730713,"train//l1snr-tf-512":0.862159013748169,"val//l1snr-tf/vocals":0.19648931920528412,"_step":213,"train//l1snr-tf-1k/vocals":1.247117042541504,"val//dbm":11.633515357971191,"train//l1snr-time":0.4643382430076599,"train//l1snr-tf-1k":1.247117042541504,"_timestamp":1.7567949411007862e+09}