{"_wandb":{"runtime":50},"_runtime":50,"train_snr":-15.018275260925293,"epoch":0,"trainer/global_step":14,"_timestamp":1.7538258404405272e+09,"_step":14,"train_loss":15.162927627563477}