{"train/metric/other/TargetDecibel":-23.46637725830078,"trainer/global_step":199,"train/metric/other/SignalNoiseRatio":-0.04723072424530983,"train/metric/vocals/PredDecibel":-54.8294677734375,"train/metric/bass/SignalNoiseRatio":0.15515869855880737,"_timestamp":1.7568473206106443e+09,"train/loss/l1snr-time/other":0.055792637169361115,"train/loss/l1snr-tf":3.1214404106140137,"_wandb":{"runtime":378},"train/metric/bass/PredDecibel":-48.45655822753906,"train/loss/l1snr-tf/other":0.44153106212615967,"train/loss/l1snr-tf/drums":1.5556286573410034,"train/metric/vocals/TargetDecibel":-22.489166259765625,"train/metric/drums/SignalNoiseRatio":-15.894087791442871,"epoch":0,"train/loss/l1snr-time":4.671427249908447,"train/loss/l1snr-time/drums":3.0004143714904785,"train/loss/l1snr-tf/vocals":0.8069973587989807,"train/metric/drums/PredDecibel":-51.08385467529297,"train/loss/l1snr-time/bass":-0.11841799318790436,"train/loss/l1snr-tf/bass":0.31728309392929077,"train/loss":7.792867660522461,"train/metric/other/PredDecibel":-45.9184455871582,"train/loss/l1snr-time/vocals":1.7336385250091553,"_runtime":378,"train/metric/bass/TargetDecibel":-22.268798828125,"_step":3,"train/metric/vocals/SignalNoiseRatio":-8.647284507751465,"train/metric/drums/TargetDecibel":-25.87283706665039}