{"trainer/global_step":4,"_timestamp":1.754669794614772e+09,"val_default_metric":-17.774940490722656,"train_loss_epoch":18.956035614013672,"train_default_metric":-11.083978652954102,"_runtime":81,"epoch":0,"_wandb":{"runtime":81},"train_loss_step":6.313469886779785,"val_loss":19.441394805908203,"_step":6}