{"train/loss":5.856411933898926,"train/metric/bass/TargetDecibel":-23.83020782470703,"train/loss/l1snr-time/other":0.10369701683521271,"train/loss/l1snr-time":2.786759614944458,"epoch":0,"train/metric/vocals/PredDecibel":-52.54325866699219,"_timestamp":1.756846920239181e+09,"train/metric/bass/SignalNoiseRatio":0.1571982502937317,"train/loss/l1snr-tf/bass":0.372947633266449,"train/loss/l1snr-tf/vocals":2.0984957218170166,"trainer/global_step":149,"train/metric/vocals/SignalNoiseRatio":-19.444915771484375,"train/loss/l1snr-tf":3.0696520805358887,"train/loss/l1snr-time/bass":-0.10686131566762924,"train/loss/l1snr-tf/other":0.3941623568534851,"train/metric/drums/TargetDecibel":-23.318479537963867,"_runtime":281,"train/metric/vocals/TargetDecibel":-25.735084533691406,"train/loss/l1snr-tf/drums":0.2040463089942932,"train/metric/drums/PredDecibel":-45.54436111450195,"train/metric/other/TargetDecibel":-22.423398971557617,"train/metric/drums/SignalNoiseRatio":0.09073445200920105,"train/loss/l1snr-time/drums":0.019578874111175537,"train/metric/other/SignalNoiseRatio":-0.10041886568069458,"train/metric/bass/PredDecibel":-47.06427764892578,"_wandb":{"runtime":281},"train/metric/other/PredDecibel":-41.96336364746094,"train/loss/l1snr-time/vocals":2.7703449726104736,"_step":2}