{"train/metric/bass/SignalNoiseRatio":1.2591177225112915,"train/loss/dbm":35.24658203125,"_runtime":51709,"train/metric/bass/PredDecibel":-28.25273323059082,"val/loss/l1snr-time/bass":-0.9396142363548279,"_step":1002,"train/loss/dbm/bass":35.24658203125,"val/metric/bass/SignalNoiseRatio":-2.0262975692749023,"val/metric/bass/PredDecibel":-28.07576560974121,"_timestamp":1.75690072623065e+09,"_wandb":{"runtime":51709},"train/metric/bass/TargetDecibel":-22.152576446533203,"epoch":46,"val/loss":-1.5904854536056519,"val/loss/l1snr-tf":-1.3116565942764282,"val/loss/dbm":6.607854843139648,"train/loss/l1snr-time":-0.7693585157394409,"trainer/global_step":47849,"val/loss/dbm/bass":6.607854843139648,"val/loss/l1snr-tf/bass":-1.3116565942764282,"val/loss/l1snr-time":-0.9396142363548279,"val/metric/bass/TargetDecibel":-26.765169143676758,"train/loss/l1snr-tf":-0.6113781929016113,"train/loss":2.143921375274658,"train/loss/l1snr-tf/bass":-0.6113781929016113,"train/loss/l1snr-time/bass":-0.7693585157394409}