{"train/loss/l1snr-tf/drums":-5.7823944091796875,"train/metric/other/TargetDecibel":-25.2074031829834,"epoch":27,"val/metric/drums/SignalNoiseRatio":4.344612121582031,"val/loss/l1snr-tf/drums":-4.735687255859375,"train/metric/drums/PredDecibel":-29.526161193847656,"val/loss/dbm/drums":1.0187510251998901,"train/loss/l1snr-tf/bass":-10.867774963378906,"val/metric/other/SignalNoiseRatio":4.0204620361328125,"train/loss/l1snr-tf/vocals":-9.442739486694336,"train/loss/l1snr-time/vocals":-6.667850017547607,"_step":587,"train/metric/bass/PredDecibel":-24.59280014038086,"train/loss/dbm":0.5266769528388977,"val/metric/other/TargetDecibel":-24.83958625793457,"_runtime":40894,"val/loss/dbm/vocals":2.467895984649658,"val/metric/vocals/SignalNoiseRatio":0.45244842767715454,"val/loss/l1snr-tf/vocals":-3.1641933917999268,"train/loss/l1snr-time":-26.574447631835938,"val/metric/drums/PredDecibel":-28.29673957824707,"val/loss/l1snr-time/bass":-4.1055216789245605,"train/metric/vocals/PredDecibel":-22.407306671142578,"val/loss/dbm/bass":1.6484001874923706,"val/metric/vocals/PredDecibel":-36.667388916015625,"val/metric/vocals/TargetDecibel":-36.36760711669922,"val/metric/drums/TargetDecibel":-27.326129913330078,"train/metric/other/SignalNoiseRatio":-5.167389869689941,"val/loss/dbm":6.6244354248046875,"_wandb":{"runtime":40894},"train/loss/l1snr-time/bass":-10.716751098632812,"val/loss/dbm/other":1.4893877506256104,"val/loss/l1snr-tf/other":-6.833830833435059,"train/loss/l1snr-time/other":-7.3661699295043945,"train/metric/other/PredDecibel":-25.873565673828125,"_timestamp":1.7569501940714874e+09,"train/loss":-61.58262634277344,"train/metric/vocals/TargetDecibel":-22.161434173583984,"train/loss/l1snr-time/drums":-1.8236775398254395,"val/loss/l1snr-tf":-18.605878829956055,"val/metric/bass/TargetDecibel":-27.839155197143555,"train/metric/drums/SignalNoiseRatio":-16.889196395874023,"train/metric/bass/SignalNoiseRatio":11.211262702941895,"val/loss/l1snr-tf/bass":-3.8721678256988525,"trainer/global_step":28049,"train/loss/dbm/other":0.08154772967100143,"val/metric/bass/PredDecibel":-28.523754119873047,"val/loss/l1snr-time/vocals":-2.819082021713257,"val/loss":-26.442319869995117,"train/loss/dbm/bass":0.020829539746046066,"val/loss/l1snr-time":-14.4608736038208,"train/metric/vocals/SignalNoiseRatio":6.489847183227539,"train/loss/l1snr-tf":-35.534854888916016,"train/loss/l1snr-tf/other":-9.441946029663086,"train/metric/drums/TargetDecibel":-29.02123260498047,"val/metric/other/PredDecibel":-26.433189392089844,"train/loss/dbm/vocals":0.13861265778541565,"val/metric/bass/SignalNoiseRatio":3.129103422164917,"val/loss/l1snr-time/other":-4.023880958557129,"train/loss/dbm/drums":0.28568702936172485,"val/loss/l1snr-time/drums":-3.5123884677886963,"train/metric/bass/TargetDecibel":-24.41798210144043}