{"train/metric/drums/SignalNoiseRatio":0.0010827184887602925,"train/metric/vocals/TargetDecibel":-26.40292739868164,"train/loss/l1snr-tf/bass":0.0009003361919894814,"train/metric/bass/SignalNoiseRatio":-1.6647992134094238,"train/metric/other/SignalNoiseRatio":-5.552786350250244,"train/loss/l1snr-time/bass":0.00205367268063128,"train/metric/drums/TargetDecibel":-23.89476776123047,"train/loss/l1snr-tf":-2.1174583435058594,"train/loss/l1snr-tf/other":-2.1166958808898926,"train/loss/l1snr-time/drums":-0.0005492465570569038,"train/metric/other/TargetDecibel":-24.65501594543457,"_runtime":655,"_step":7,"trainer/global_step":399,"train/loss":-2.7138640880584717,"train/metric/bass/PredDecibel":-108.97146606445312,"_timestamp":1.7569062672175744e+09,"train/metric/vocals/PredDecibel":-112.39806365966797,"train/metric/vocals/SignalNoiseRatio":-2.8059372901916504,"train/metric/bass/TargetDecibel":-26.960792541503906,"train/loss/l1snr-tf/drums":-0.0046407366171479225,"train/metric/drums/PredDecibel":-91.6004867553711,"train/loss/l1snr-time/vocals":0.004622300621122122,"epoch":0,"_wandb":{"runtime":655},"train/loss/l1snr-time":-0.5964056849479675,"train/loss/l1snr-tf/vocals":0.002977942582219839,"train/loss/l1snr-time/other":-0.6025323867797852,"train/metric/other/PredDecibel":-25.028480529785156}