{"train/metric/drums/SignalNoiseRatio":-20.74717140197754,"train/metric/drums/TargetDecibel":-25.87283706665039,"train/metric/vocals/SignalNoiseRatio":-11.059165954589844,"train//l1snr-time/vocals":5.478582859039307,"train/metric/drums/PredDecibel":-28.632898330688477,"train/loss":32.346221923828125,"_step":3,"_runtime":368,"train//l1snr-tf/other":0.5898579359054565,"train/metric/bass/TargetDecibel":-22.268798828125,"trainer/global_step":199,"train/metric/bass/SignalNoiseRatio":1.2133924961090088,"train/metric/vocals/PredDecibel":-28.77704429626465,"train//l1snr-time":14.940693855285645,"train//dbm/drums":2.914569854736328,"train//l1snr-time/drums":10.06684684753418,"train//dbm":13.43311882019043,"train/metric/vocals/TargetDecibel":-22.489166259765625,"train/metric/other/SignalNoiseRatio":-0.3568972051143646,"train//dbm/other":2.313319683074951,"train//l1snr-time/bass":-0.9459149837493896,"_timestamp":1.756833952987215e+09,"train//dbm/bass":2.6118907928466797,"_wandb":{"runtime":368},"train//dbm/vocals":5.593337535858154,"train/metric/other/PredDecibel":-28.14862060546875,"train//l1snr-tf/bass":-0.3012858033180237,"train//l1snr-time/other":0.34118008613586426,"epoch":0,"train/metric/other/TargetDecibel":-23.46637725830078,"train//l1snr-tf/vocals":1.560502529144287,"train/metric/bass/PredDecibel":-27.22233009338379,"train//l1snr-tf/drums":2.1233367919921875,"train//l1snr-tf":3.972411632537842}