{"_wandb":{"runtime":207},"_runtime":207,"_timestamp":1.753916652032015e+09,"_step":0,"train_loss_step":19.555566787719727,"train_default_metric":-21.016870498657227,"epoch":0,"trainer/global_step":0}