{"val/loss/l1snr-time/other":-0.10795316100120544,"train/loss/l1snr-tf/other":0.02291356772184372,"_timestamp":1.756877755288476e+09,"val/metric/bass/SignalNoiseRatio":-1.674724817276001,"train/loss/l1snr-tf/bass":0.10131578147411346,"val/metric/bass/PredDecibel":-67.16056823730469,"val/loss/l1snr-time/drums":0.04567841440439224,"train/loss/l1snr-time/drums":0.16734322905540466,"train/loss/l1snr-tf/vocals":0.1463431715965271,"trainer/global_step":5499,"val/loss/l1snr-tf/vocals":0.23156572878360748,"train/metric/other/PredDecibel":-56.20206832885742,"val/loss/l1snr-time/vocals":0.593367338180542,"train/metric/vocals/TargetDecibel":-25.21963119506836,"val/metric/other/TargetDecibel":-24.83958625793457,"val/loss/l1snr-time/bass":0.022269511595368385,"val/metric/vocals/PredDecibel":-66.71099853515625,"val/loss/l1snr-tf/drums":-0.0052364422008395195,"train/loss":1.1047449111938477,"train/metric/other/SignalNoiseRatio":0.060958899557590485,"train/metric/bass/SignalNoiseRatio":-8.147455215454102,"_runtime":29228,"train/loss/l1snr-time":0.7663993239402771,"val/metric/other/PredDecibel":-54.910118103027344,"train/metric/drums/SignalNoiseRatio":-3.554668426513672,"val/metric/drums/SignalNoiseRatio":-1.5089157819747925,"val/loss/l1snr-tf/bass":0.016127746552228928,"val/metric/vocals/TargetDecibel":-36.36760711669922,"val/metric/vocals/SignalNoiseRatio":-11.636835098266602,"train/metric/bass/TargetDecibel":-22.570663452148438,"train/metric/drums/PredDecibel":-63.8520622253418,"val/loss/l1snr-tf/other":-0.19187037646770477,"train/metric/vocals/PredDecibel":-68.45982360839844,"val/metric/drums/PredDecibel":-62.63551330566406,"train/metric/drums/TargetDecibel":-25.154621124267578,"val/loss/l1snr-time":0.5533621311187744,"train/loss/l1snr-time/bass":0.29381245374679565,"val/metric/bass/TargetDecibel":-27.839155197143555,"val/metric/other/SignalNoiseRatio":-0.009509710595011711,"_step":119,"train/metric/bass/PredDecibel":-68.23088073730469,"val/loss/l1snr-tf":0.05058663710951805,"train/loss/l1snr-time/other":-0.006539780646562576,"epoch":10,"val/loss":0.6039488315582275,"train/metric/vocals/SignalNoiseRatio":-6.981983184814453,"train/loss/l1snr-tf/drums":0.06777313351631165,"train/loss/l1snr-tf":0.33834564685821533,"train/metric/other/TargetDecibel":-24.380279541015625,"_wandb":{"runtime":29228},"train/loss/l1snr-time/vocals":0.31178340315818787,"val/metric/drums/TargetDecibel":-27.326129913330078}