{"_runtime":239,"_step":0,"train_loss_step":19.555566787719727,"train_default_metric":-21.016870498657227,"epoch":0,"trainer/global_step":0,"_timestamp":1.7539170372126248e+09,"_wandb":{"runtime":239}}