{"_wandb":{"runtime":154},"_runtime":154,"train/loss/l1snr-time":1.9046630859375,"train/metric/drums/SignalNoiseRatio":-8.189949989318848,"train/loss/l1snr-tf/vocals":0.5703442692756653,"train/loss/l1snr-tf/bass":0.2532934546470642,"train/metric/other/TargetDecibel":-22.01716423034668,"train/metric/bass/TargetDecibel":-22.805194854736328,"train/metric/drums/TargetDecibel":-26.091650009155273,"train/metric/vocals/SignalNoiseRatio":-10.550098419189453,"train/loss":3.316141128540039,"train/loss/l1snr-time/vocals":1.2066673040390015,"train/metric/drums/PredDecibel":-55.5606689453125,"train/loss/l1snr-tf/drums":0.5374684929847717,"train/loss/l1snr-time/bass":-0.008761119097471237,"_step":0,"epoch":0,"_timestamp":1.7569038512940865e+09,"train/loss/l1snr-tf":1.4114779233932495,"train/metric/other/PredDecibel":-52.351539611816406,"train/metric/other/SignalNoiseRatio":-0.0008382127853110433,"train/metric/vocals/PredDecibel":-62.51630783081055,"train/loss/l1snr-tf/other":0.05037173628807068,"train/metric/bass/SignalNoiseRatio":0.024085815995931625,"train/loss/l1snr-time/other":0.004705158062279224,"train/loss/l1snr-time/drums":0.7020518183708191,"train/metric/bass/PredDecibel":-56.17208480834961,"train/metric/vocals/TargetDecibel":-27.20279884338379,"trainer/global_step":49}