{"val/metric/drums/TargetDecibel":-26.153181076049805,"train//l1snr-tf/drums":0.050199732184410095,"val//l1snr-tf":-0.07398125529289246,"val/metric/drums/SignalNoiseRatio":-1.3072760105133057,"train/metric/other/PredDecibel":-59.67388153076172,"val/metric/drums/PredDecibel":-68.08369445800781,"train/metric/other/TargetDecibel":-22.80288314819336,"val/metric/vocals/SignalNoiseRatio":-8.73263931274414,"val//l1snr-time":0.11491607874631882,"train//l1snr-tf":0.1893472820520401,"train//l1snr-tf/vocals":0.0021280599758028984,"train/metric/drums/SignalNoiseRatio":-1.2885850667953491,"val//l1snr-time/other":-0.05314973369240761,"train//l1snr-time/vocals":-0.0005500930128619075,"train/loss":0.5556036829948425,"train/metric/drums/PredDecibel":-75.89665985107422,"val//l1snr-tf/other":-0.11524082720279694,"val/metric/other/SignalNoiseRatio":-0.04273638501763344,"_step":33,"val/metric/vocals/PredDecibel":-78.58719635009766,"_timestamp":1.7568367361827197e+09,"epoch":1,"val//l1snr-time/bass":0.0033622083719819784,"_wandb":{"runtime":2478},"train/metric/vocals/TargetDecibel":-23.504981994628906,"val/metric/vocals/TargetDecibel":-35.12639617919922,"train//l1snr-time/other":0.2340286523103714,"train//l1snr-time/bass":0.031039193272590637,"train/metric/bass/TargetDecibel":-20.310888290405273,"val/metric/bass/SignalNoiseRatio":-1.2483667135238647,"train//l1snr-time/drums":0.10173864662647247,"train/metric/vocals/PredDecibel":-83.61331939697266,"val//l1snr-time/vocals":0.14934973418712616,"train//l1snr-tf/other":0.10636386275291443,"train/metric/drums/TargetDecibel":-22.636281967163086,"train//l1snr-time":0.3662564158439636,"train/metric/bass/SignalNoiseRatio":-0.6768620014190674,"val/metric/bass/PredDecibel":-77.19464111328125,"train/metric/other/SignalNoiseRatio":-1.450636386871338,"_runtime":2478,"val//l1snr-tf/vocals":0.0939156711101532,"trainer/global_step":1649,"val/metric/bass/TargetDecibel":-26.765169143676758,"train/metric/bass/PredDecibel":-72.96723937988281,"val/metric/other/TargetDecibel":-24.942670822143555,"val/loss":0.04093482717871666,"train//l1snr-tf/bass":0.030655624344944954,"val//l1snr-time/drums":0.01535387896001339,"train/metric/vocals/SignalNoiseRatio":0.0007952689193189144,"val/metric/other/PredDecibel":-56.73628234863281,"val//l1snr-tf/drums":-0.07527428865432739,"val//l1snr-tf/bass":0.022618189454078674}