{"train/loss/l1snr-tf/vocals":3.2643885612487793,"train/loss/l1snr-time/drums":0.8497698903083801,"train/loss/l1snr-tf/other":1.09043288230896,"train/loss/l1snr-time/vocals":2.2467384338378906,"train/metric/vocals/PredDecibel":-41.90760803222656,"train/metric/vocals/TargetDecibel":-26.229034423828125,"train/metric/drums/PredDecibel":-36.948631286621094,"train/metric/other/PredDecibel":-34.58304977416992,"epoch":0,"train/metric/other/SignalNoiseRatio":-0.07537513971328735,"train/loss/l1snr-tf/bass":0.5950226187705994,"train/metric/bass/PredDecibel":-30.07019805908203,"_wandb":{"runtime":105},"train/metric/vocals/SignalNoiseRatio":-0.24280305206775665,"train/loss/l1snr-time":3.191983938217163,"_step":0,"train/metric/other/TargetDecibel":-21.889976501464844,"train/loss/l1snr-time/other":0.47909897565841675,"train/loss":9.547606468200684,"train/metric/drums/SignalNoiseRatio":0.004629015922546387,"train/loss/l1snr-tf/drums":1.4057782888412476,"_timestamp":1.7568474841393092e+09,"train/metric/bass/TargetDecibel":-19.67312240600586,"train/metric/drums/TargetDecibel":-23.430126190185547,"_runtime":105,"train/metric/bass/SignalNoiseRatio":0.5361713171005249,"trainer/global_step":49,"train/loss/l1snr-tf":6.355622291564941,"train/loss/l1snr-time/bass":-0.38362330198287964}