{"train/metric/bass/PredDecibel":-40.936485290527344,"train/metric/bass/SignalNoiseRatio":-19.088024139404297,"train/loss/l1snr-time/drums":4.164847373962402,"train/loss/l1snr-tf/other":-3.186680316925049,"train/metric/vocals/PredDecibel":-63.69497299194336,"_step":0,"trainer/global_step":49,"train/metric/other/SignalNoiseRatio":-0.9498505592346191,"train/metric/drums/SignalNoiseRatio":-23.829601287841797,"epoch":0,"_runtime":112,"train/metric/other/PredDecibel":-27.834196090698242,"train/metric/other/TargetDecibel":-24.107006072998047,"train/loss/l1snr-time/other":0.1250460147857666,"train/loss/l1snr-tf/vocals":0.6070829629898071,"train/loss/l1snr-time/bass":3.7035350799560547,"train/metric/vocals/SignalNoiseRatio":-20.843605041503906,"train/loss/l1snr-tf":0.15079474449157715,"train/loss/l1snr-tf/bass":1.290283441543579,"train/metric/drums/TargetDecibel":-29.026081085205078,"train/loss/dbm/vocals":19.352148056030273,"train/loss/dbm/bass":10.0952730178833,"train/loss/l1snr-time":8.952163696289062,"train/loss/dbm":38.891929626464844,"train/loss/l1snr-tf/drums":1.4401086568832397,"_timestamp":1.7569056284049203e+09,"train/metric/drums/PredDecibel":-41.695884704589844,"train/loss/dbm/drums":6.9708757400512695,"train/loss/dbm/other":2.473630905151367,"train/metric/bass/TargetDecibel":-24.928558349609375,"train/loss":12.992151260375977,"train/metric/vocals/TargetDecibel":-28.12579345703125,"_wandb":{"runtime":112},"train/loss/l1snr-time/vocals":0.9587352275848389}