{"_runtime":251,"train/metric/vocals/TargetDecibel":-28.24510383605957,"train/loss/l1snr-tf/drums":0.00015065919433254749,"train/loss/l1snr-tf/vocals":0.0002701248449739069,"train/loss/l1snr-tf":0.0009117228910326958,"train/loss/l1snr-time/vocals":0.0006022845627740026,"_wandb":{"runtime":251},"train/metric/other/PredDecibel":-116.96358489990234,"train/metric/drums/SignalNoiseRatio":-0.09071701765060425,"train/metric/other/SignalNoiseRatio":-0.07704964280128479,"train/loss/l1snr-time/bass":0.0012840146664530039,"train/loss/l1snr-time":0.0024301456287503242,"train/metric/vocals/PredDecibel":-118.35731506347656,"train/loss/l1snr-tf/other":0.00011461332906037569,"train/loss/l1snr-time/drums":0.00032910125446505845,"train/metric/bass/SignalNoiseRatio":-0.7159631848335266,"_timestamp":1.7569035761693122e+09,"train/loss":0.00334186851978302,"train/metric/drums/TargetDecibel":-25.435665130615234,"trainer/global_step":149,"train/loss/l1snr-tf/bass":0.0003763255081139505,"epoch":0,"train/metric/bass/PredDecibel":-116.75047302246094,"train/metric/drums/PredDecibel":-117.85528564453125,"train/metric/other/TargetDecibel":-25.282909393310547,"train/metric/bass/TargetDecibel":-31.84220314025879,"_step":2,"train/loss/l1snr-time/other":0.0002147453196812421,"train/metric/vocals/SignalNoiseRatio":-0.17041635513305664}