{"train/loss/DecibelMatchLoss":4.443424224853516,"train/metric/vocals/SignalNoiseRatio":-3.336397171020508,"train/loss/DecibelMatchLoss/drums":1.0206670761108398,"_timestamp":1.7567625898074543e+09,"train/loss/L1SNRLoss":6.479325294494629,"train/loss/DecibelMatchLoss/other":0.41832631826400757,"trainer/global_step":49,"_runtime":91,"train/metric/other/SignalNoiseRatio":-2.5004982948303223,"_wandb":{"runtime":91},"epoch":0,"train/loss/L1SNRLoss/bass":0.3036915063858032,"train/loss/DecibelMatchLoss/vocals":1.3789900541305542,"train/loss":10.922749519348145,"train/loss/L1SNRLoss/vocals":3.0112266540527344,"train/loss/DecibelMatchLoss/bass":1.6254407167434692,"train/loss/L1SNRLoss/drums":1.778933048248291,"train/metric/drums/SignalNoiseRatio":-2.3342833518981934,"_step":0,"train/metric/bass/SignalNoiseRatio":0.07606923580169678,"train/loss/L1SNRLoss/other":1.3854739665985107}