{"train/loss/l1snr-tf/other":0.28455907106399536,"epoch":0,"train/loss/l1snr-tf/vocals":1.700439691543579,"train/metric/vocals/TargetDecibel":-22.194368362426758,"train/loss/l1snr-time/drums":0.3481896221637726,"_wandb":{"runtime":670},"train/loss":6.226970672607422,"train/loss/l1snr-time/vocals":3.007009983062744,"train/loss/l1snr-time/other":-0.01971016451716423,"trainer/global_step":399,"train/metric/vocals/PredDecibel":-51.945743560791016,"train/metric/other/TargetDecibel":-24.648948669433594,"train/loss/l1snr-tf/drums":0.35706591606140137,"train/metric/other/SignalNoiseRatio":0.05384078621864319,"train/metric/bass/PredDecibel":-39.58507537841797,"train/metric/other/PredDecibel":-46.58844757080078,"train/loss/l1snr-time/bass":-0.1659814417362213,"train/metric/bass/SignalNoiseRatio":0.37356966733932495,"_runtime":670,"train/loss/l1snr-time":3.1695079803466797,"train/loss/l1snr-tf/bass":0.7153984308242798,"_step":7,"train/metric/drums/TargetDecibel":-23.792613983154297,"train/metric/vocals/SignalNoiseRatio":-25.74250602722168,"train/metric/drums/PredDecibel":-44.95587921142578,"train/loss/l1snr-tf":3.0574629306793213,"_timestamp":1.756848803324331e+09,"train/metric/bass/TargetDecibel":-21.816364288330078,"train/metric/drums/SignalNoiseRatio":0.034180574119091034}