{"val/loss/dbm/other_keys":7.930713653564453,"val/loss/dbm/other":0.8486159443855286,"val/metric/percussion/SignalNoiseRatio":-0.22187131643295288,"train/loss/l1snr-time/guitar":1.2895636558532715,"val/loss/l1snr-time/bowed_strings":0.0008548225159756839,"train/loss/dbm":7.167606830596924,"val/loss/dbm/piano":6.403636455535889,"train/metric/bass/SignalNoiseRatio":NaN,"train/metric/other/TargetDecibel":-120,"train/loss/l1snr-time/drums":2.2872250080108643,"train/metric/guitar/SignalNoiseRatio":NaN,"val/metric/other/PredDecibel":-118.59243774414062,"train/metric/piano/TargetDecibel":-45.70047378540039,"val/metric/piano/SignalNoiseRatio":-0.19936196506023407,"train/loss/dbm/bowed_strings":0.00010776519775390625,"train/metric/wind/PredDecibel":-116.25106048583984,"val/metric/bass/TargetDecibel":-28.71114158630371,"val/metric/piano/TargetDecibel":-79.20699310302734,"train/loss/l1snr-tf/vocals":0.0878622829914093,"train/metric/bowed_strings/SignalNoiseRatio":-1.060534119606018,"train/loss/dbm/piano":5.084842681884766,"val/metric/other_keys/SignalNoiseRatio":-0.40137970447540283,"val/metric/other_keys/TargetDecibel":-83.34639739990234,"val/loss/l1snr-tf/other_plucked":0.00021663846564479172,"val/metric/other_plucked/PredDecibel":-118.98429107666016,"val/metric/wind/TargetDecibel":-107.6285629272461,"epoch":2,"val/loss/l1snr-tf/bowed_strings":0.0002190852101193741,"train/loss/l1snr-time/wind":0.0025478829629719257,"val/metric/drums/TargetDecibel":-30.214679718017578,"val/metric/bowed_strings/PredDecibel":-118.44703674316406,"train/metric/other_keys/SignalNoiseRatio":NaN,"train/metric/other_plucked/PredDecibel":-117.81503295898438,"train/loss/l1snr-time/piano":0.0008715938893146813,"train/loss/l1snr-time":0.0060703991912305355,"_timestamp":1.7569226397155018e+09,"val/metric/bass/PredDecibel":-31.3478946685791,"val/metric/other_plucked/SignalNoiseRatio":-0.1514844000339508,"train/metric/bowed_strings/TargetDecibel":-104.45339965820312,"val/metric/drums/PredDecibel":-33.739280700683594,"val/loss/l1snr-time/guitar":3.434004306793213,"train/metric/guitar/PredDecibel":-33.67987060546875,"train/loss/dbm/other_plucked":0,"train/metric/percussion/TargetDecibel":-46.19965362548828,"val/metric/other_keys/PredDecibel":-117.80752563476562,"val/loss/dbm/guitar":2.4358434677124023,"train/metric/other_plucked/SignalNoiseRatio":NaN,"val/loss/l1snr-time/other":0.0008712605922482908,"val/loss/l1snr-time":-0.2265866994857788,"train/loss/l1snr-time/other_keys":0.0006214277818799019,"val/loss/l1snr-time/percussion":0.000677678850479424,"val/metric/other/TargetDecibel":-109.08199310302734,"train/metric/vocals/PredDecibel":-59.99775695800781,"train/loss/dbm/drums":3.2595531940460205,"val/loss/l1snr-tf/other_keys":0.0002384451508987695,"val/metric/drums/SignalNoiseRatio":-0.6364518404006958,"val/metric/bass/SignalNoiseRatio":0.7981528043746948,"train/loss/dbm/bass":0.7054446339607239,"val/loss/dbm/percussion":3.6685121059417725,"val/loss/dbm/wind":2.615325689315796,"val/loss/l1snr-time/piano":0.0006547761731781065,"val/loss/l1snr-time/vocals":0.9929879307746887,"train/metric/other_keys/PredDecibel":-118.83419036865234,"train/loss/l1snr-tf/other_plucked":0.0002182852040277794,"val/metric/guitar/SignalNoiseRatio":-14.494050025939941,"val/metric/guitar/TargetDecibel":-45.92817306518555,"val/loss/l1snr-tf/vocals":0.26978716254234314,"val/loss/l1snr-time/wind":0.0010013122810050845,"val/loss/l1snr-time/other_plucked":0.0006463967147283256,"val/loss":11.342728614807129,"train/metric/wind/TargetDecibel":-120,"train/metric/percussion/SignalNoiseRatio":-0.3270642161369324,"val/loss/dbm/vocals":7.756755352020264,"val/loss/l1snr-tf/drums":-0.4457055926322937,"val/loss/l1snr-tf/percussion":0.0002263877249788493,"val/loss/l1snr-time/bass":-4.397690296173096,"train/loss/l1snr-tf/bowed_strings":0.00031212379690259695,"train/metric/drums/TargetDecibel":-33.049957275390625,"train/metric/vocals/SignalNoiseRatio":NaN,"train/loss/l1snr-time/bass":-3.3985087871551514,"train/loss/l1snr-time/percussion":0.0006531575927510858,"train/loss/l1snr-tf/piano":0.00022792848176322877,"val/loss/dbm/bass":1.0440274477005005,"val/loss/l1snr-tf":-0.9112365245819092,"val/metric/bowed_strings/TargetDecibel":-96.15602111816406,"val/loss/l1snr-tf/wind":0.00027710251742973924,"train/loss/l1snr-tf/other_keys":0.00020385408424772322,"train/loss/dbm/other_keys":5.683230876922607,"train/loss/l1snr-time/vocals":0.7993889451026917,"train/loss/l1snr-tf/percussion":0.0001521461526863277,"val/loss/l1snr-time/other_keys":0.0009629125706851482,"_runtime":5600,"train/loss/dbm/other":0,"val/metric/percussion/TargetDecibel":-90.00104522705078,"train/loss/dbm/guitar":2.89993953704834,"train/metric/wind/SignalNoiseRatio":-1.9198670387268066,"train/metric/other/SignalNoiseRatio":-1.1154019832611084,"train/loss/l1snr-time/other_plucked":0.0008121641585603356,"val/loss/l1snr-tf/piano":0.00021313465549610555,"val/metric/wind/SignalNoiseRatio":-0.33869701623916626,"val/metric/bowed_strings/SignalNoiseRatio":-0.2699507176876068,"train/metric/bass/PredDecibel":-32.2891731262207,"train/loss/l1snr-time/bowed_strings":0.0014213554095476866,"val/metric/wind/PredDecibel":-118.41387939453125,"train/loss/l1snr-tf":0.001299622468650341,"train/loss/l1snr-time/other":0.0014480031095445156,"train/metric/piano/PredDecibel":-117.59245300292969,"train/metric/other_plucked/TargetDecibel":-120,"train/loss/dbm/percussion":7.16749906539917,"val/loss/l1snr-tf/bass":-3.992480754852295,"val/metric/guitar/PredDecibel":-33.942928314208984,"train/loss/dbm/wind":0,"val/metric/vocals/TargetDecibel":-31.49048614501953,"val/metric/other/SignalNoiseRatio":-0.2688662111759186,"train/loss":7.174976825714111,"val/metric/vocals/SignalNoiseRatio":-6.053032398223877,"val/metric/vocals/PredDecibel":-36.164031982421875,"val/metric/piano/PredDecibel":-118.56948852539062,"train/loss/l1snr-tf/guitar":0.30944979190826416,"train/metric/vocals/TargetDecibel":-66.82374572753906,"_step":63,"train/metric/bowed_strings/PredDecibel":-117.14889526367188,"val/loss/dbm/drums":2.4808268547058105,"train/metric/other/PredDecibel":-117.07426452636719,"val/loss/l1snr-time/drums":-1.1813355684280396,"train/metric/other_keys/TargetDecibel":-42.837791442871094,"train/loss/l1snr-tf/other":0.0003360685077495873,"train/loss/dbm/vocals":0.6904183626174927,"train/metric/bass/TargetDecibel":-30.119487762451172,"val/loss/dbm/other_plucked":0.6935685873031616,"_wandb":{"runtime":5600},"val/metric/percussion/PredDecibel":-118.56103515625,"train/loss/l1snr-tf/wind":0.0004992839531041682,"train/loss/l1snr-tf/drums":0.5601887702941895,"train/metric/percussion/PredDecibel":-116.66187286376953,"val/loss/dbm":12.480550765991211,"train/metric/guitar/TargetDecibel":-32.200408935546875,"val/loss/l1snr-tf/guitar":0.9862291812896729,"trainer/global_step":3071,"val/loss/dbm/bowed_strings":4.51239538192749,"val/metric/other_plucked/TargetDecibel":-114.23384857177734,"train/metric/piano/SignalNoiseRatio":NaN,"val/loss/l1snr-tf/other":0.00027834190404973924,"train/metric/drums/SignalNoiseRatio":NaN,"train/metric/drums/PredDecibel":-38.150821685791016,"train/loss/l1snr-tf/bass":-3.250998020172119}