{"val//l1snr-time":0.13171614706516266,"_step":20,"val//l1snr-tf/other":-0.09851757436990738,"train//l1snr-time":0.809566080570221,"val/metric/vocals/SignalNoiseRatio":-9.583572387695312,"train//l1snr-time/other":0.5124413967132568,"train//l1snr-tf/bass":0.0010972144082188606,"train//l1snr-time/bass":-0.014424137771129608,"train//l1snr-time/vocals":0.3202706575393677,"train/loss":1.099542498588562,"val//l1snr-tf/vocals":0.049403734505176544,"val//l1snr-time/drums":0.00013835856225341558,"val//l1snr-time/vocals":0.22398249804973602,"trainer/global_step":1023,"_runtime":1615,"train//l1snr-tf/other":0.2472967505455017,"val/loss":0.037085358053445816,"val//l1snr-time/other":-0.10169453173875809,"train/metric/vocals/SignalNoiseRatio":-12.777383804321289,"val//l1snr-tf/bass":-0.007430330850183964,"val//l1snr-tf":-0.09463079273700714,"train//l1snr-tf/drums":-0.010505208745598793,"val//l1snr-tf/drums":-0.03808658942580223,"val//l1snr-time/bass":0.009289820678532124,"_timestamp":1.7568212596839306e+09,"train//l1snr-tf":0.28997644782066345,"train//l1snr-tf/vocals":0.052087679505348206,"epoch":0,"train//l1snr-time/drums":-0.00872184056788683,"_wandb":{"runtime":1615}}