{"trainer/global_step":2199,"train/loss/L1SNRLoss":4.366466045379639,"_runtime":1260,"val/loss/L1SNRLoss/other":-0.4114670753479004,"train/loss/L1SNRLoss/other":0.32659226655960083,"epoch":4,"val/loss/L1SNRLoss":3.009716272354126,"train/loss/L1SNRLoss/drums":0.7008928060531616,"train/loss/L1SNRLoss/vocals":1.297480583190918,"_wandb":{"runtime":1260},"_timestamp":1.7567576262090845e+09,"train/loss/L1SNRLoss/bass":2.0415000915527344,"_step":47,"val/loss/L1SNRLoss/bass":0.9975975751876831,"val/loss/L1SNRLoss/drums":0.42070144414901733,"val/loss":3.009716272354126,"val/loss/L1SNRLoss/vocals":2.00288462638855,"train/loss":4.366466045379639}