{"_step":134,"val/loss/l1snr-tf/bass":-1.2113791704177856,"val/loss/l1snr-time/vocals":5.819443225860596,"epoch":6,"val/metric/drums/SignalNoiseRatio":-2.28757381439209,"train/loss/l1snr-time":14.414684295654297,"train/metric/other/PredDecibel":-28.474409103393555,"train/loss/dbm/bass":2.8012170791625977,"val/loss/dbm/vocals":3.7172555923461914,"train/loss/dbm":10.04369068145752,"train/metric/vocals/PredDecibel":-29.66573715209961,"train/metric/bass/SignalNoiseRatio":-22.680591583251953,"val/loss/dbm/drums":0.7084928750991821,"val/metric/other/TargetDecibel":-24.942670822143555,"train/metric/other/TargetDecibel":-23.09664535522461,"train/loss/l1snr-time/drums":1.218330979347229,"val/loss/dbm/other":1.6748344898223877,"train/loss/l1snr-tf/vocals":2.5263609886169434,"val/loss/l1snr-time":6.816515922546387,"train/loss":31.067428588867188,"train/loss/l1snr-tf/drums":0.5575916767120361,"val/metric/vocals/SignalNoiseRatio":-15.752901077270508,"val/metric/other/PredDecibel":-27.67571449279785,"train/metric/other/SignalNoiseRatio":-0.21223680675029755,"train/loss/dbm/other":2.715264320373535,"train/loss/l1snr-time/other":0.33515793085098267,"train/loss/dbm/vocals":2.1951446533203125,"trainer/global_step":6449,"_timestamp":1.7568465431202106e+09,"train/metric/vocals/TargetDecibel":-25.231430053710938,"val/metric/bass/SignalNoiseRatio":-2.2610270977020264,"train/metric/drums/TargetDecibel":-22.511995315551758,"train/loss/l1snr-time/vocals":6.400854587554932,"val/loss/l1snr-tf/other":-0.9234544038772583,"val/metric/bass/PredDecibel":-27.22015380859375,"val/metric/drums/TargetDecibel":-26.153181076049805,"val/loss/l1snr-time/bass":-0.8211435079574585,"val/loss/l1snr-tf/drums":0.88554447889328,"val/loss/dbm":6.7294464111328125,"val/loss/l1snr-tf/vocals":1.9982404708862305,"train/metric/bass/TargetDecibel":-19.64029312133789,"train/loss/l1snr-tf/bass":2.952165126800537,"val/loss":14.294914245605469,"train/metric/bass/PredDecibel":-25.048198699951172,"val/metric/drums/PredDecibel":-27.178022384643555,"val/metric/vocals/TargetDecibel":-35.12639617919922,"_wandb":{"runtime":9741},"val/metric/bass/TargetDecibel":-26.765169143676758,"train/metric/vocals/SignalNoiseRatio":-5.220385551452637,"val/loss/l1snr-time/other":-0.15880969166755676,"train/metric/drums/SignalNoiseRatio":-0.3879508376121521,"val/loss/l1snr-time/drums":1.9770262241363525,"_runtime":9741,"val/metric/vocals/PredDecibel":-30.692392349243164,"train/loss/l1snr-tf/other":0.5729360580444336,"val/metric/other/SignalNoiseRatio":-0.06025860458612442,"train/loss/l1snr-time/bass":6.46034049987793,"val/loss/l1snr-tf":0.7489519119262695,"train/loss/dbm/drums":2.332064628601074,"train/metric/drums/PredDecibel":-26.492490768432617,"val/loss/dbm/bass":0.6288626194000244,"train/loss/l1snr-tf":6.609053611755371}