{"_runtime":893,"train//l1snr-tf":9.299862722400576e-05,"trainer/global_step":799,"_wandb":{"runtime":893},"train//l1snr-time":0.00023538415553048253,"train//l1snr-tf/vocals":9.299862722400576e-05,"train/loss":0.00032838276820257306,"_timestamp":1.7568193582944486e+09,"train//l1snr-time/vocals":0.00023538415553048253,"train/metric/vocals/SignalNoiseRatio":-1.040399365592748e-05,"_step":15,"epoch":0}