{"_wandb":{"runtime":222},"train/metric/vocals/SignalNoiseRatio":-14.045363426208496,"train/loss/l1snr-time/vocals":2.273083448410034,"train/loss/l1snr-tf/other":1.9187827110290527,"train/metric/other/SignalNoiseRatio":-53.7120475769043,"train/loss/l1snr-time/drums":1.2653151750564575,"train/loss":17.706695556640625,"train/metric/other/PredDecibel":-60.55622100830078,"_timestamp":1.7569924066467905e+09,"train/loss/l1snr-tf/vocals":0.9454038143157959,"train/loss/dbm/drums":6.873540878295898,"train/loss/l1snr-tf/bass":1.2610414028167725,"train/metric/drums/SignalNoiseRatio":NaN,"train/metric/bass/PredDecibel":-31.680736541748047,"train/loss/dbm/other":0.2393292933702469,"train/loss/l1snr-time/other":3.793473720550537,"_runtime":222,"trainer/global_step":49,"train/metric/vocals/PredDecibel":-42.79777908325195,"train/loss/l1snr-time/bass":4.871053695678711,"_step":0,"train/metric/bass/SignalNoiseRatio":NaN,"train/loss/l1snr-time":6.066556930541992,"train/metric/bass/TargetDecibel":-30.597755432128906,"train/loss/l1snr-tf":2.8641865253448486,"train/loss/dbm/vocals":8.53662395477295,"train/metric/vocals/TargetDecibel":-32.16046905517578,"epoch":0,"train/loss/dbm":8.77595329284668,"train/metric/drums/PredDecibel":-38.70262145996094,"train/metric/drums/TargetDecibel":-30.47286033630371,"train/metric/other/TargetDecibel":-78.75776672363281,"train/loss/dbm/bass":1.14626145362854,"train/loss/l1snr-tf/drums":-0.25546687841415405}