{"train/loss/L1SNRLoss/other":5.10572624206543,"train/loss/L1SNRLoss/vocals":5.509665489196777,"_timestamp":1.7567524146604106e+09,"_wandb":{"runtime":68},"_step":1,"train/loss/L1SNRLoss":25.478805541992188,"train/loss/L1SNRLoss/drums":6.25643253326416,"_runtime":68,"epoch":0,"trainer/global_step":99,"train/loss/L1SNRLoss/bass":8.60698127746582}