{"train/metric/vocals/TargetDecibel":-28.48981475830078,"train/metric/vocals/SignalNoiseRatio":-3.344609260559082,"train/metric/vocals/PredDecibel":-29.02280616760254,"val/metric/bass/SignalNoiseRatio":2.18060040473938,"val/metric/drums/PredDecibel":-28.453624725341797,"val/loss/dbm/drums":1.316090703010559,"train/loss/l1snr-tf/bass":-4.9923834800720215,"val/metric/drums/TargetDecibel":-26.827238082885742,"train/metric/other/TargetDecibel":-25.59052276611328,"val/loss/l1snr-tf":-8.582255363464355,"val/loss/l1snr-tf/bass":-3.412374496459961,"_timestamp":1.7569373383481889e+09,"val/loss/l1snr-time/bass":-3.3174049854278564,"val/loss/dbm/bass":1.6671867370605469,"_wandb":{"runtime":11370},"val/loss":-7.074990749359131,"epoch":8,"trainer/global_step":8249,"val/loss/dbm":7.091911315917969,"val/loss/dbm/other":0.49765250086784363,"val/loss/l1snr-time/vocals":-0.7324696779251099,"train/loss/l1snr-tf/drums":-7.132184028625488,"train/metric/other/SignalNoiseRatio":3.9268460273742676,"val/metric/other/PredDecibel":-25.177438735961914,"train/loss/l1snr-time":-9.179767608642578,"val/metric/other/SignalNoiseRatio":2.0908091068267822,"val/metric/bass/PredDecibel":-27.341278076171875,"train/metric/drums/PredDecibel":-25.47362518310547,"train/metric/other/PredDecibel":-26.458717346191406,"val/metric/vocals/PredDecibel":-33.68494415283203,"train/loss/l1snr-tf/vocals":-1.0156714916229248,"val/loss/l1snr-time":-5.5846476554870605,"val/loss/dbm/vocals":6.764984607696533,"val/loss/l1snr-tf/vocals":-1.2034655809402466,"train/metric/bass/PredDecibel":-23.910053253173828,"val/metric/bass/TargetDecibel":-25.751638412475586,"val/metric/vocals/TargetDecibel":-31.047334671020508,"train/loss/dbm/vocals":0.3198009133338928,"_step":172,"train/loss":-22.649930953979492,"val/metric/drums/SignalNoiseRatio":1.7691184282302856,"train/loss/l1snr-time/drums":-3.3348464965820312,"train/loss/l1snr-time/other":-3.909010648727417,"_runtime":11370,"train/loss/dbm/other":0.4975316524505615,"train/loss/dbm":1.3780779838562012,"val/loss/l1snr-tf/drums":-3.0221738815307617,"train/loss/l1snr-time/bass":-4.240145683288574,"train/loss/l1snr-tf/other":-8.840187072753906,"train/metric/drums/TargetDecibel":-24.148481369018555,"train/loss/l1snr-tf":-14.848241806030273,"train/loss/l1snr-time/vocals":-1.0306116342544556,"val/loss/l1snr-time/other":-2.2639904022216797,"val/metric/other/TargetDecibel":-25.271469116210938,"train/metric/drums/SignalNoiseRatio":NaN,"val/metric/vocals/SignalNoiseRatio":-5.434018135070801,"train/loss/dbm/drums":0.7911032438278198,"train/metric/bass/SignalNoiseRatio":-1.6840510368347168,"train/metric/bass/TargetDecibel":-23.064788818359375,"val/loss/l1snr-time/drums":-2.014984130859375,"val/loss/l1snr-tf/other":-5.3727707862854,"train/loss/dbm/bass":0.5607454180717468}