{"val//l1snr-tf/other":-0.03831678628921509,"train/metric/other/SignalNoiseRatio":0.012755898758769035,"val//l1snr-time/drums":0.01141786202788353,"val//l1snr-time/vocals":0.169132262468338,"train//l1snr-tf":0.020816024392843246,"train//l1snr-time/drums":0.010429990477859974,"train/loss":0.11290016770362854,"train//l1snr-time":0.092084139585495,"train//l1snr-tf/vocals":0.007545029744505882,"val//l1snr-tf/bass":-0.001527434797026217,"trainer/global_step":1849,"val//l1snr-tf":-0.01561923697590828,"val/metric/vocals/SignalNoiseRatio":-8.964444160461426,"train//l1snr-tf/other":0.000684778206050396,"_step":43,"val/metric/other/SignalNoiseRatio":-0.024686885997653008,"val//l1snr-tf/drums":-0.005666124168783426,"val//l1snr-time/bass":0.0014399647479876876,"val/metric/drums/SignalNoiseRatio":-0.9690606594085693,"epoch":7,"val/metric/bass/SignalNoiseRatio":-1.3379666805267334,"train/metric/vocals/SignalNoiseRatio":-1.2678550481796265,"val//l1snr-tf/vocals":0.029891105368733406,"_wandb":{"runtime":8394},"train/metric/bass/SignalNoiseRatio":-2.8122458457946777,"train//l1snr-time/bass":0.05619290471076965,"_timestamp":1.756834381044487e+09,"train//l1snr-tf/bass":0.00911399070173502,"val/loss":0.12312433123588562,"train//l1snr-tf/drums":0.003472224809229374,"val//l1snr-time":0.1387435793876648,"val//l1snr-time/other":-0.043246492743492126,"_runtime":8394,"train/metric/drums/SignalNoiseRatio":0.0013529788702726364,"train//l1snr-time/vocals":0.03799128532409668,"train//l1snr-time/other":-0.012530045583844185}