{"train//l1snr-time/bass":-0.1794816255569458,"train/metric/other/TargetDecibel":-21.889976501464844,"train/metric/bass/SignalNoiseRatio":0.34607836604118347,"train//l1snr-tf/bass":0.44097936153411865,"train/metric/vocals/SignalNoiseRatio":-0.33076420426368713,"train/metric/vocals/PredDecibel":-42.258155822753906,"train//l1snr-tf/vocals":1.4927833080291748,"train/metric/drums/TargetDecibel":-23.430126190185547,"epoch":0,"train/metric/vocals/TargetDecibel":-26.229034423828125,"train/metric/bass/PredDecibel":-30.935630798339844,"_step":0,"trainer/global_step":49,"train//l1snr-tf":3.0449814796447754,"train/metric/drums/PredDecibel":-40.34366226196289,"train//l1snr-time/vocals":2.315549850463867,"train/metric/other/SignalNoiseRatio":0.030184578150510788,"train//l1snr-tf/other":0.5456811189651489,"train//l1snr-time/other":0.3862364590167999,"train/loss":6.084632873535156,"train//l1snr-time/drums":0.5173465013504028,"train/metric/bass/TargetDecibel":-19.67312240600586,"train//l1snr-tf/drums":0.5655379295349121,"train//l1snr-time":3.0396511554718018,"_runtime":123,"_timestamp":1.7568341640224838e+09,"train/metric/drums/SignalNoiseRatio":0.008241675794124603,"train/metric/other/PredDecibel":-35.758567810058594,"_wandb":{"runtime":123}}