{"train//l1snr-tf-1k":11.406785011291504,"train//l1snr-tf-1k/vocals":11.406785011291504,"train//l1snr-time":6.690445423126221,"train//l1snr-tf-512":9.996166229248047,"train//l1snr-tf-512/vocals":9.996166229248047,"_timestamp":1.7567837688909361e+09,"_runtime":244,"_wandb":{"runtime":244},"val/loss":41.78936004638672,"train/metric/vocals/SignalNoiseRatio":-22.047636032104492,"epoch":3,"train//l1snr-tf/vocals":3.7783310413360596,"train//dbm":4.521265983581543,"val//l1snr-tf-1k/vocals":13.862444877624512,"val//l1snr-tf":4.658352851867676,"val//l1snr-tf-512":12.464092254638672,"train//l1snr-tf":3.7783310413360596,"val//l1snr-tf/vocals":4.658352851867676,"val/metric/vocals/SignalNoiseRatio":-22.228681564331055,"train//dbm/vocals":4.521265983581543,"val//l1snr-time/vocals":7.9905314445495605,"train/loss":36.39299392700195,"trainer/global_step":49,"val//l1snr-time":7.9905314445495605,"val//dbm/vocals":2.8139402866363525,"_step":3,"val//l1snr-tf-512/vocals":12.464092254638672,"val//l1snr-tf-1k":13.862444877624512,"val//dbm":2.8139402866363525,"train//l1snr-time/vocals":6.690445423126221}