{"train//DecibelMatchLoss/vocals":0.9334173202514648,"train//L1SNRLoss/drums":2.179600238800049,"train/metric/bass/SignalNoiseRatio":-34.90243911743164,"train/metric/vocals/SignalNoiseRatio":-13.277230262756348,"train//DecibelMatchLoss":6.28427267074585,"_wandb":{"runtime":455},"epoch":0,"train//DecibelMatchLoss/drums":2.223334312438965,"train//DecibelMatchLoss/other":1.2684231996536255,"train//DecibelMatchLoss/bass":1.859097957611084,"_runtime":455,"train/loss":13.64429759979248,"_step":4,"train//L1SNRLoss":7.360024929046631,"trainer/global_step":249,"train//L1SNRLoss/bass":1.950303316116333,"train/metric/drums/SignalNoiseRatio":-18.981979370117188,"_timestamp":1.756777790363461e+09,"train//L1SNRLoss/vocals":1.5843710899353027,"train/metric/other/SignalNoiseRatio":-12.98928451538086,"train//L1SNRLoss/other":1.6457505226135254}