{"train/metric/vocals/SignalNoiseRatio":-4.247642993927002,"val//L1SNRLoss/vocals":1.3088773488998413,"val//DecibelMatchLoss":NaN,"val//L1SNRLoss":1.3088773488998413,"trainer/global_step":1023,"val/loss":NaN,"epoch":0,"_wandb":{"runtime":1109},"train//L1SNRLoss/vocals":0.9063720703125,"_step":20,"train//DecibelMatchLoss/vocals":1.8350197076797485,"train//L1SNRLoss":0.9063720703125,"_runtime":1109,"_timestamp":1.7567798212270155e+09,"val/metric/vocals/SignalNoiseRatio":-17.390844345092773,"train//DecibelMatchLoss":1.8350197076797485,"train/loss":2.741391658782959,"val//DecibelMatchLoss/vocals":NaN}