{"train//L1SNRLoss":2.2678158283233643,"trainer/global_step":249,"_wandb":{"runtime":293},"train//L1SNRLoss/vocals":2.2678158283233643,"_runtime":293,"train/metric/vocals/SignalNoiseRatio":-14.98384952545166,"train//DecibelMatchLoss/vocals":1.6887820959091187,"train/loss":3.9565978050231934,"epoch":0,"_timestamp":1.756782058526965e+09,"train//DecibelMatchLoss":1.6887820959091187,"_step":4}