{"_wandb":{"runtime":36567},"val/metric/bass/TargetDecibel":-27.839155197143555,"train/loss/l1snr-tf/bass":-5.935304641723633,"val/metric/other/TargetDecibel":-24.83958625793457,"val/metric/bass/PredDecibel":-29.218860626220703,"val/loss/l1snr-time":-15.448895454406738,"train/loss/dbm/other":0.0809619352221489,"val/loss/dbm":6.8811564445495605,"train/metric/drums/TargetDecibel":-24.4283504486084,"train/metric/bass/SignalNoiseRatio":2.5430757999420166,"train/metric/other/SignalNoiseRatio":8.30859375,"train/loss/l1snr-time/vocals":-4.770508766174316,"val/metric/bass/SignalNoiseRatio":3.5032010078430176,"val/loss/dbm/bass":2.3499557971954346,"train/loss/l1snr-tf/other":-13.97561264038086,"train/loss/dbm":0.3727167844772339,"train/metric/vocals/TargetDecibel":-24.478500366210938,"val/metric/vocals/SignalNoiseRatio":0.3583347499370575,"trainer/global_step":25299,"train/metric/bass/TargetDecibel":-24.349985122680664,"val/loss/dbm/other":1.3221360445022583,"val/metric/vocals/TargetDecibel":-36.36760711669922,"val/loss/l1snr-time/drums":-3.7029483318328857,"val/loss/dbm/vocals":2.159796714782715,"train/loss/l1snr-time/drums":-5.520286560058594,"train/loss/l1snr-time":-25.481365203857422,"train/loss/dbm/bass":0.14779473841190338,"train/loss/dbm/vocals":0.08577016741037369,"train/loss/l1snr-tf":-33.22118377685547,"train/loss/l1snr-time/other":-9.033719062805176,"val/metric/vocals/PredDecibel":-37.105918884277344,"_step":529,"val/loss/l1snr-time/other":-4.254665851593018,"val/metric/drums/SignalNoiseRatio":4.586539268493652,"val/loss/l1snr-tf/drums":-5.192151069641113,"train/metric/vocals/PredDecibel":-25.308246612548828,"val/metric/other/SignalNoiseRatio":4.328617572784424,"val/loss/l1snr-time/vocals":-3.1240925788879395,"train/loss/l1snr-tf/drums":-8.170808792114258,"train/loss/l1snr-tf/vocals":-5.139459609985352,"epoch":24,"val/loss/l1snr-tf/vocals":-3.7801730632781982,"train/loss/dbm/drums":0.058189939707517624,"val/loss/l1snr-tf":-20.58154296875,"val/loss":-29.149290084838867,"val/loss/l1snr-tf/bass":-4.312808036804199,"train/metric/drums/SignalNoiseRatio":-4.926418304443359,"train/metric/other/PredDecibel":-24.247039794921875,"val/metric/drums/PredDecibel":-28.3530216217041,"train/loss":-58.329833984375,"_runtime":36567,"train/loss/l1snr-time/bass":-6.156852722167969,"train/metric/bass/PredDecibel":-24.986860275268555,"train/metric/vocals/SignalNoiseRatio":2.449470043182373,"_timestamp":1.756945882567955e+09,"train/metric/drums/PredDecibel":-24.772207260131836,"val/metric/drums/TargetDecibel":-27.326129913330078,"val/loss/l1snr-time/bass":-4.36719274520874,"train/metric/other/TargetDecibel":-23.759557723999023,"val/metric/other/PredDecibel":-25.90667724609375,"val/loss/l1snr-tf/other":-7.296415328979492,"val/loss/dbm/drums":1.0492665767669678}