{"_step":10,"train/loss/l1snr-time/other":1.2730740308761597,"train/metric/other/SignalNoiseRatio":-0.560817539691925,"train/loss/l1snr-tf/drums":0.0010754605755209923,"train/loss/dbm/vocals":18.19546127319336,"train/loss/l1snr-time":1.2800453901290894,"train/metric/bass/SignalNoiseRatio":-3.3051514625549316,"train/metric/vocals/SignalNoiseRatio":-0.36589112877845764,"train/loss/l1snr-tf/other":0.3370712697505951,"train/metric/bass/PredDecibel":-109.8951644897461,"_timestamp":1.7569047589956777e+09,"train/metric/vocals/PredDecibel":-117.32002258300781,"train/metric/other/PredDecibel":-42.41237258911133,"train/loss/l1snr-time/drums":0.0013341001467779279,"train/loss":10.140928268432617,"epoch":0,"train/metric/drums/SignalNoiseRatio":-0.9813296794891357,"train/metric/drums/PredDecibel":-111.12293243408203,"train/loss/dbm/bass":22.63640022277832,"train/loss/l1snr-time/vocals":0.0009335567592643201,"train/loss/l1snr-tf":0.3413892388343811,"train/metric/vocals/TargetDecibel":-25.832612991333008,"_wandb":{"runtime":914},"train/loss/dbm":85.19493865966797,"train/loss/dbm/other":15.45014476776123,"train/metric/other/TargetDecibel":-25.810928344726562,"train/loss/l1snr-tf/bass":0.0024010376073420048,"train/loss/l1snr-tf/vocals":0.0008414689218625426,"train/metric/drums/TargetDecibel":-23.013952255249023,"train/loss/l1snr-time/bass":0.00470365397632122,"trainer/global_step":549,"train/metric/bass/TargetDecibel":-21.297225952148438,"_runtime":914,"train/loss/dbm/drums":28.912933349609375}