{"train/metric/other/TargetDecibel":-22.549421310424805,"train/metric/drums/SignalNoiseRatio":-1.1913962364196777,"train/metric/vocals/PredDecibel":-117.19183349609375,"train/metric/drums/PredDecibel":-113.49823760986328,"train/loss":0.0014667694922536612,"train/metric/other/SignalNoiseRatio":0.0004622453125193715,"train/metric/vocals/TargetDecibel":-26.317832946777344,"_wandb":{"runtime":423},"train/metric/vocals/SignalNoiseRatio":-0.10138491541147232,"train/metric/bass/TargetDecibel":-23.593341827392578,"_timestamp":1.7569085833612242e+09,"train/loss/l1snr-time/drums":0.0013195340288802981,"train/loss/l1snr-tf/vocals":0.00011183040624018759,"train/loss/l1snr-tf/bass":9.015009709401056e-05,"train/metric/drums/TargetDecibel":-28.789649963378906,"train/loss/l1snr-time/vocals":0.00030755382613278925,"train/loss/l1snr-time/bass":0.00013856370060238987,"_runtime":423,"train/loss/l1snr-time/other":-0.000569595955312252,"train/loss/l1snr-tf":0.0002707139356061816,"train/metric/bass/PredDecibel":-116.83218383789062,"train/loss/l1snr-tf/drums":0.0010945573449134827,"train/metric/bass/SignalNoiseRatio":-0.044197600334882736,"train/loss/l1snr-time":0.0011960555566474795,"_step":4,"train/metric/other/PredDecibel":-99.24375915527344,"epoch":0,"train/loss/l1snr-tf/other":-0.0010258238762617111,"trainer/global_step":249}