{"_runtime":378,"train//L1SNRLoss/vocals":1.1954210996627808,"val/loss":3.7387843132019043,"val//L1SNRLoss/vocals":1.7304149866104126,"_step":9,"_wandb":{"runtime":378},"val//DecibelMatchLoss":2.008369207382202,"train//DecibelMatchLoss":3.169826030731201,"val//L1SNRLoss":1.7304149866104126,"_timestamp":1.7567829982932382e+09,"train//DecibelMatchLoss/vocals":3.169826030731201,"train//L1SNRLoss":1.1954210996627808,"trainer/global_step":127,"train/loss":4.3652472496032715,"val/metric/vocals/SignalNoiseRatio":-19.62537956237793,"train/metric/vocals/SignalNoiseRatio":-11.304328918457031,"val//DecibelMatchLoss/vocals":2.008369207382202,"epoch":7}