{"_step":2,"trainer/global_step":1,"_runtime":19,"train_loss":36.530269622802734,"epoch":0,"val_loss":4.111082553863525,"train_snr":-26.18199348449707,"_wandb":{"runtime":19},"_timestamp":1.7538248785550542e+09,"val_default_metric":-16.8646183013916}