{"val//l1snr-tf":-0.040710821747779846,"train/metric/drums/TargetDecibel":-21.800661087036133,"val/metric/other/PredDecibel":-67.63938903808594,"train//l1snr-tf/other":0.11579880118370056,"train/metric/vocals/PredDecibel":-95.8176040649414,"train//l1snr-tf/vocals":0.003782537067309022,"val/metric/drums/TargetDecibel":-27.326129913330078,"_wandb":{"runtime":13129},"val/metric/bass/SignalNoiseRatio":-0.8339321613311768,"_step":93,"train/metric/other/SignalNoiseRatio":-2.764194965362549,"epoch":4,"train/metric/other/PredDecibel":-64.75179290771484,"val//l1snr-tf/drums":-0.017045866698026657,"val/metric/bass/TargetDecibel":-27.839155197143555,"train/metric/other/TargetDecibel":-23.668649673461914,"val/metric/vocals/TargetDecibel":-36.36760711669922,"train/metric/bass/TargetDecibel":-24.090618133544922,"val/metric/drums/SignalNoiseRatio":-0.9456343650817871,"train//l1snr-tf/drums":-0.006799301132559776,"val/metric/bass/PredDecibel":-87.61013793945312,"_runtime":13129,"_timestamp":1.7568484543463798e+09,"train/metric/vocals/TargetDecibel":-24.135705947875977,"train//l1snr-time/other":0.4832131266593933,"val/metric/other/SignalNoiseRatio":-0.021870631724596024,"train//l1snr-time/bass":0.02960795909166336,"train//l1snr-time":0.5136740803718567,"val/metric/other/TargetDecibel":-24.83958625793457,"train//l1snr-tf/bass":0.006531272083520889,"val//l1snr-tf/vocals":0.010073062032461166,"train/metric/drums/SignalNoiseRatio":0.0011212581302970648,"val/metric/drums/PredDecibel":-79.9567642211914,"val/metric/vocals/SignalNoiseRatio":-4.844863414764404,"train//l1snr-tf":0.1193133071064949,"train/metric/drums/PredDecibel":-87.27730560302734,"val//l1snr-time/other":-0.01655707135796547,"train/metric/bass/PredDecibel":-90.56430053710938,"val//l1snr-tf/other":-0.03560369834303856,"val/loss":-0.03673268109560013,"val/metric/vocals/PredDecibel":-96.49173736572266,"val//l1snr-time/drums":0.002420224016532302,"train//l1snr-time/drums":-0.0005470331525430083,"train/metric/vocals/SignalNoiseRatio":-0.005887751001864672,"val//l1snr-time/bass":0.0004809852398466319,"train//l1snr-time/vocals":0.001400051056407392,"train/metric/bass/SignalNoiseRatio":-4.304152488708496,"train/loss":0.632987380027771,"val//l1snr-time/vocals":0.01763400249183178,"val//l1snr-time":0.003978137392550707,"trainer/global_step":4499,"val//l1snr-tf/bass":0.0018656810279935598}