{"trainer/global_step":22,"_step":2,"val_loss":18.773386001586914,"train_loss_epoch":13.580495834350586,"test_default_metric":-17.011402130126953,"epoch":1,"_timestamp":1.75385556749231e+09,"test_loss":17.373682022094727,"_runtime":660,"_wandb":{"runtime":660},"val_default_metric":-13.143237113952637}