{"train/metric/other/SignalNoiseRatio":-1.9867191314697266,"trainer/global_step":499,"train/loss/DecibelMatchLoss":12.116438865661621,"train/loss/DecibelMatchLoss/drums":2.158233404159546,"train/loss/DecibelMatchLoss/other":2.9486777782440186,"train/metric/vocals/SignalNoiseRatio":-17.721155166625977,"train/loss":22.561986923217773,"train/metric/drums/SignalNoiseRatio":-38.769439697265625,"train/metric/bass/SignalNoiseRatio":-48.65391540527344,"train/loss/L1SNRLoss/vocals":1.6088111400604248,"train/loss/L1SNRLoss/drums":3.4880332946777344,"epoch":0,"train/loss/L1SNRLoss/other":0.9136869311332703,"train/loss/L1SNRLoss/bass":4.435016632080078,"_timestamp":1.756762238638143e+09,"train/loss/DecibelMatchLoss/bass":1.7944531440734863,"_wandb":{"runtime":411},"train/loss/DecibelMatchLoss/vocals":5.2150750160217285,"_runtime":411,"train/loss/L1SNRLoss":10.445548057556152,"_step":9}