{"train/loss/L1SNRLoss/vocals":3.1940226554870605,"val/loss/L1SNRLoss/other":0.14109084010124207,"_timestamp":1.7567530951498008e+09,"val/loss/L1SNRLoss/drums":0.982406497001648,"val/loss/L1SNRLoss/bass":2.283907890319824,"trainer/global_step":511,"train/loss/L1SNRLoss":9.105895042419434,"train/loss/L1SNRLoss/bass":3.942925214767456,"val/loss/L1SNRLoss":6.609612941741943,"epoch":0,"val/loss/L1SNRLoss/vocals":3.20220947265625,"_runtime":298,"_step":10,"_wandb":{"runtime":298},"train/loss/L1SNRLoss/other":0.46204909682273865,"train/loss/L1SNRLoss/drums":1.5068973302841187}