{"train/loss/l1snr-time/vocals":0.00030896507087163627,"train/loss/l1snr-time/other":0.5099380612373352,"_timestamp":1.7569024596276274e+09,"train/loss/l1snr-tf/drums":-0.0005701257032342255,"val/loss/l1snr-tf/other":-0.0214128028601408,"train/metric/drums/SignalNoiseRatio":6.251396553125232e-05,"val/loss/l1snr-time/bass":1.881436037365347e-05,"val/metric/bass/PredDecibel":-116.27391815185547,"train/loss/l1snr-time":0.5101280808448792,"val/loss/l1snr-tf/bass":3.452231339906575e-06,"_runtime":1572,"train/metric/vocals/SignalNoiseRatio":-0.0523027628660202,"train/metric/other/SignalNoiseRatio":-0.16751635074615479,"val/metric/drums/PredDecibel":-106.83052062988281,"val/metric/other/PredDecibel":-75.2634506225586,"train/loss/l1snr-time/drums":-9.836583922151476e-05,"val/metric/other/SignalNoiseRatio":-0.0007463659276254475,"val/loss/l1snr-time":-0.009083662182092667,"val/metric/vocals/SignalNoiseRatio":-0.2227896898984909,"val/loss/l1snr-time/drums":-3.2945707062026486e-05,"train/metric/other/TargetDecibel":-25.404659271240234,"trainer/global_step":1023,"train/metric/vocals/PredDecibel":-118.89994812011719,"train/loss/l1snr-time/bass":-2.0579318515956402e-05,"val/metric/drums/SignalNoiseRatio":-0.1553059220314026,"val/metric/bass/TargetDecibel":-26.765169143676758,"val/loss":-0.03184596449136734,"train/loss/l1snr-tf/other":0.1591298133134842,"val/metric/drums/TargetDecibel":-26.153181076049805,"epoch":0,"val/loss/l1snr-tf/vocals":0.0001446050446247682,"_step":20,"train/metric/drums/PredDecibel":-109.08137512207031,"_wandb":{"runtime":1572},"val/loss/l1snr-time/other":-0.009516775608062744,"train/metric/other/PredDecibel":-52.96188735961914,"train/metric/bass/PredDecibel":-115.61905670166016,"val/metric/other/TargetDecibel":-24.942670822143555,"train/loss/l1snr-tf":0.15861696004867554,"train/loss/l1snr-tf/bass":-1.922031515277922e-05,"val/metric/vocals/TargetDecibel":-35.12639617919922,"val/metric/vocals/PredDecibel":-117.05091857910156,"train/metric/vocals/TargetDecibel":-24.044231414794922,"train/loss/l1snr-tf/vocals":7.64937067287974e-05,"val/loss/l1snr-time/vocals":0.000447244819952175,"train/metric/bass/TargetDecibel":-23.376863479614258,"train/loss":0.6687450408935547,"train/metric/bass/SignalNoiseRatio":2.320022576896008e-05,"val/loss/l1snr-tf/drums":-0.0014975550584495068,"train/metric/drums/TargetDecibel":-21.63102912902832,"val/metric/bass/SignalNoiseRatio":-0.008247197605669498,"val/loss/l1snr-tf":-0.022762298583984375}