{"trainer/global_step":8949,"val//l1snr-time/vocals":0.11252491921186447,"val//l1snr-tf/other":-0.047804031521081924,"val/metric/vocals/SignalNoiseRatio":-8.145100593566895,"train//l1snr-tf/vocals":0.017607104033231735,"val//l1snr-tf/drums":-0.024540795013308525,"train//l1snr-tf":0.04576195031404495,"train//l1snr-time/bass":0.03765910118818283,"val//l1snr-time/drums":-0.005426335614174604,"train//l1snr-tf/other":0.030998216941952705,"train//l1snr-time/drums":-0.0033604009076952934,"_runtime":11892,"train/metric/other/SignalNoiseRatio":-6.290354251861572,"train//l1snr-time/vocals":0.0814899131655693,"_timestamp":1.7568333638309927e+09,"val//l1snr-time":0.04619290307164192,"_step":165,"train//l1snr-time/other":0.1408722698688507,"train/metric/drums/SignalNoiseRatio":0.008685309439897537,"val/metric/other/SignalNoiseRatio":-0.04963010922074318,"val/metric/bass/SignalNoiseRatio":-1.526960849761963,"train//l1snr-tf/drums":-0.007860245183110237,"val//l1snr-tf":-0.052125196903944016,"val/loss":-0.00593229103833437,"train//l1snr-tf/bass":0.0050168754532933235,"val//l1snr-time/bass":-0.0019467632519081235,"_wandb":{"runtime":11892},"epoch":8,"train/loss":0.30242282152175903,"train/metric/bass/SignalNoiseRatio":-0.5491322875022888,"val//l1snr-time/other":-0.05895892530679703,"val//l1snr-tf/bass":-0.005354538559913635,"train/metric/vocals/SignalNoiseRatio":-5.32249116897583,"train//l1snr-time":0.2566608786582947,"val/metric/drums/SignalNoiseRatio":-1.3791565895080566,"val//l1snr-tf/vocals":0.02557416819036007}